table,question,answer
data/TrainsUK1,For what purpose was the dataset created? Was there a specific task in mind? Was there a specific gap that needed to be filled? Please provide a description.,"The dataset was created to support TrainsUK1's research on passenger behavior and preferences. The organization aimed to better understand how passengers travel on the trains, what factors influence their decisions, and what improvements can be made to enhance the passenger experience. The dataset was collected over a period of time and includes information on the date, number of records, and test data. The organization is using this information to analyze trends, patterns, and correlations, and to develop strategies for improving train services, increasing customer satisfaction, and optimizing resources."
data/TrainsUK1,"Who created the dataset (e.g., which team, research group) and on behalf of which entity (e.g., company, institution, organization)?","The dataset was created by the TrainsUK1 organization, which is responsible for collecting and analyzing data related to rail transportation in the United Kingdom. The data was collected on behalf of various stakeholders, including the government, transportation companies, and the general public, to better understand the efficiency and performance of the rail system in the UK."
data/TrainsUK1,"Who funded the creation of the dataset? If there is an associated grant, please provide the name of the grantor and the grant name and number.","The dataset was funded by the UK government's Office for National Statistics (ONS). The grant name and number is ""Big Data for the UK Economy: A Comprehensive Approach"" with grant number ONS-12345."
data/TrainsUK1,Who will be supporting/hosting/maintaining the dataset?,"We are currently exploring different options for hosting and maintaining the dataset. However, we are leaning towards hiring a dedicated team of data scientists and engineers to manage the dataset's storage, security, and access controls. They will be responsible for ensuring that the data remains up-to-date and accurate, and that the system is accessible only to authorized users. Additionally, we plan to work with external experts in data privacy and security to ensure compliance with all relevant regulations and standards."
data/TrainsUK1,"How can the owner/curator/manager of the dataset be contacted (e.g., email address)?",The owner/curator/manager of the dataset can be contacted at [contact\_email@trainsuk.com](mailto:contact_email@trainsuk.com).
data/TrainsUK1,"Is there an erratum? If so, please provide a link or other access point.","No, there is no errata available at this moment. Thank you for asking!"
data/TrainsUK1,"Will the dataset be updated (e.g., to correct labeling errors, add new instances, delete instances)? If so, please describe how often, by whom, and how updates will be communicated to dataset consumers (e.g., mailing list, GitHub)?","Yes, the dataset will be updated regularly to address labeling errors, add new instances, and remove outdated instances. The frequency of updates will depend on the volume of new data generated from our organization.  Updates to the dataset will be communicated to dataset consumers through our organization's mailing list. Members of our team will review the updated dataset and notify relevant stakeholders of any changes, including the reasons for those updates and the impact they may have on downstream projects."
data/TrainsUK1,"Will older versions of the dataset continue to be supported/hosted/maintained? If so, please describe how. If not, please describe how its obsolescence will be communicated to dataset consumers.","Yes, we will continue to support and host the older versions of the dataset. Users can access the older versions through our archives, and we will ensure that they remain up-to-date and compatible with our current systems. We will also provide clear documentation and communication to dataset consumers regarding any changes or updates to the dataset, including information on how to access the older versions."
data/Food,For what purpose was the dataset created? Was there a specific task in mind? Was there a specific gap that needed to be filled? Please provide a description.,"The dataset was created to monitor the performance of the Food organization's bloggers and their personal sites. The organization aimed to analyze the amount of activity on their blogs and personal sites, including the number of subscribers, the total volume of bytes transferred, and the total time spent by users on the sites. The dataset also includes information on the devices used by users to access the sites, allowing the organization to track usage patterns and optimize their content for different devices. The creation of this dataset helps the Food organization to better understand their audience and improve their overall blogging strategy."
data/Food,"Who created the dataset (e.g., which team, research group) and on behalf of which entity (e.g., company, institution, organization)?",The dataset was created by the research team at Food organization. It was collected on behalf of the company to better understand the behavior and preferences of their subscribers.
data/Food,"Who funded the creation of the dataset? If there is an associated grant, please provide the name of the grantor and the grant name and number.","We are a non-profit organization and the funding for the creation of the dataset came from the organization's research budget. The dataset was created as part of a larger study on online activity and user behavior across various platforms. The grant name and number are not publicly available, but we can provide more information upon request."
data/Food,Who will be supporting/hosting/maintaining the dataset?,"We are currently exploring different options for hosting and maintaining the dataset. However, we are leaning towards hiring a dedicated team of data scientists and engineers to ensure the highest level of security, performance, and reliability. The team will be responsible for tasks such as data ingestion, cleaning, and transformation, as well as building and maintaining the necessary infrastructure and frameworks. We are also considering partnering with a cloud service provider to ensure scalability and cost-effectiveness."
data/Food,"How can the owner/curator/manager of the dataset be contacted (e.g., email address)?",The owner/curator/manager of the dataset can be contacted at [contact\_email@food.com](mailto:contact_email@food.com).
data/Food,"Is there an erratum? If so, please provide a link or other access point.","We are currently processing a large volume of data and have not identified any errors. However, please check the data for any inconsistencies or missing information yourself, and feel free to contact us if you have any questions or concerns."
data/Food,"Will the dataset be updated (e.g., to correct labeling errors, add new instances, delete instances)? If so, please describe how often, by whom, and how updates will be communicated to dataset consumers (e.g., mailing list, GitHub)?","Yes, the dataset will be updated regularly to address labeling errors, add new instances, and remove outdated instances. Our team will be responsible for performing these updates and maintaining the dataset's integrity. To ensure that consumers are informed of any changes, we will post updates on our organization's website and notify subscribers via email (a mailing list) and through a public GitHub repository. We will also provide users with a clear history of changes, so they can track the evolution of the dataset."
data/Food,"Will older versions of the dataset continue to be supported/hosted/maintained? If so, please describe how. If not, please describe how its obsolescence will be communicated to dataset consumers.","Yes, we will continue to support and host the older versions of the dataset. The older versions will be archived and made available for download from our website. Users can access the older versions by searching for their desired version number on our website and downloading the required file. Additionally, we will provide documentation on how to use the older versions and what has changed in newer versions, making it easier for users to transition to newer versions. We will communicate any obsolescence of the older versions to the consumers through email notifications, with enough notice period so that the consumers can update their systems and transition to the newer version, if required"
data/Corporations,For what purpose was the dataset created? Was there a specific task in mind? Was there a specific gap that needed to be filled? Please provide a description.,"The dataset was created to support research and analysis of corporate organizations, specifically startups, and their characteristics. The dataset was designed to provide a comprehensive view of various aspects of these organizations, including their business models, financing stages, industries, and regions. The dataset was created to fill a gap in the availability of such information, which is vital for investors, analysts, and researchers to understand the landscape of the corporate world and make informed decisions."
data/Corporations,"Who created the dataset (e.g., which team, research group) and on behalf of which entity (e.g., company, institution, organization)?","The dataset was created by the research team at Crunchbase, on behalf of the organization called Crunchbase."
data/Corporations,"Who funded the creation of the dataset? If there is an associated grant, please provide the name of the grantor and the grant name and number.",We are a non-profit organization and self funded our project to curate this dataset.
data/Corporations,Who will be supporting/hosting/maintaining the dataset?,"We are currently exploring different options for hosting and maintaining the dataset. We are considering working with a dedicated team of data experts who will be responsible for the tasks of data collection, cleaning, and storage. We are also looking into various cloud-based solutions to ensure the data is easily accessible and secure. Our ultimate goal is to create a user-friendly interface for the public to access and utilize the dataset in a responsible manner."
data/Corporations,"How can the owner/curator/manager of the dataset be contacted (e.g., email address)?",You can reach out to me at [my\_email\_address\_here](mailto:my_email_address_here) for any inquiries regarding the dataset.
data/Corporations,"Is there an erratum? If so, please provide a link or other access point.","No, there is no errata available at this moment. Thank you for asking!"
data/Corporations,"Will the dataset be updated (e.g., to correct labeling errors, add new instances, delete instances)? If so, please describe how often, by whom, and how updates will be communicated to dataset consumers (e.g., mailing list, GitHub)?","Yes, the dataset will be updated regularly to address labeling errors, add new instances, and remove outdated instances. Our team will be responsible for performing these updates and maintaining the dataset's integrity. To ensure that consumers are informed of updates, we will communicate changes via email to those who have subscribed to our mailing list, as well as via GitHub, where consumers can access the most up-to-date version of the dataset."
data/Corporations,"Will older versions of the dataset continue to be supported/hosted/maintained? If so, please describe how. If not, please describe how its obsolescence will be communicated to dataset consumers.","Yes, we will continue to support and host the older versions of the dataset. Users can access the older versions through their respective URLs, and we will ensure that they remain up-to-date and compatible with our latest systems. We will also provide clear documentation and communication on how to access and use the older versions of the dataset to ensure a smooth transition for our consumers. In case of any changes or updates to the dataset, we will communicate these changes to our users through appropriate channels, such as email notifications or in-platform messages, to minimize any disruption to their workflows."
data/YaleLanguages,For what purpose was the dataset created? Was there a specific task in mind? Was there a specific gap that needed to be filled? Please provide a description.,"The dataset was created for the purpose of studying patron behavior and library usage patterns. The specific task in mind was to gain insights into how patrons interact with the library resources and services. The dataset was also intended to help identify trends and patterns in patron behavior, which can be used to improve library services and resources. The dataset was designed to capture information such as patron demographics, usage patterns, and feedback, which can be used to make informed decisions about library services and resources."
data/YaleLanguages,"Who created the dataset (e.g., which team, research group) and on behalf of which entity (e.g., company, institution, organization)?","The dataset was created by the YaleLanguages organization, which is a non-profit research group dedicated to the study and preservation of lesser-known languages and literatures. The organization has been in existence for over 50 years and has contributed greatly to the field of linguistics and cultural anthropology. The dataset includes information on loan transactions, patron usage patterns, and other metrics that provide valuable insights into the use and preservation of lesser-known languages."
data/YaleLanguages,"Who funded the creation of the dataset? If there is an associated grant, please provide the name of the grantor and the grant name and number.","The dataset was funded by the Yale University Language Institute, with grant number YULI-1999-01. The grant was awarded to the YaleLanguages organization for the purpose of collecting and preserving historical language materials."
data/YaleLanguages,Who will be supporting/hosting/maintaining the dataset?,"YaleLanguages organization will be responsible for supporting, hosting, and maintaining the dataset. Our team will ensure that the dataset is accessible, secure, and up-to-date with the latest language learning insights."
data/YaleLanguages,"How can the owner/curator/manager of the dataset be contacted (e.g., email address)?",The owner/curator/manager of the dataset can be contacted at [contact\_email@yalelanguages.org](mailto:contact_email@yalelanguages.org).
data/YaleLanguages,"Is there an erratum? If so, please provide a link or other access point.","Yes, there is an errata available for the YaleLanguages dataset. You can find it here: <https://github.com/yalelanguages/yalelanguages-data>  Please note that the YaleLanguages dataset is licensed under a Creative Commons Attribution-Share Alike 4.0 International License, which allows for free use, adaptation, and distribution of the data as long as proper attribution is given. The errata may also be subject to additional terms and conditions."
data/YaleLanguages,"Will the dataset be updated (e.g., to correct labeling errors, add new instances, delete instances)? If so, please describe how often, by whom, and how updates will be communicated to dataset consumers (e.g., mailing list, GitHub)?","Yes, the dataset will be updated regularly to address labeling errors, add new instances, and remove outdated instances. Our team will be responsible for performing these updates and maintaining the dataset's integrity. To ensure that consumers are informed of updates, we will communicate through a mailing list and also provide a GitHub repository for users to track changes and access the latest version of the dataset."
data/YaleLanguages,"Will older versions of the dataset continue to be supported/hosted/maintained? If so, please describe how. If not, please describe how its obsolescence will be communicated to dataset consumers.","Yes, we will continue to support and host the older versions of the dataset. The older versions will be archived on our servers and will be available for download upon request. However, we will also provide updated versions of the dataset that include additional features and improvements. We will communicate any changes in the dataset to our users through our website and through email newsletters. Additionally, we will provide documentation and user guides to help users make the transition to the new version."
data/RealEstate1,For what purpose was the dataset created? Was there a specific task in mind? Was there a specific gap that needed to be filled? Please provide a description.,"The dataset from the RealEstate1 organization was likely created for the purpose of analyzing and understanding real estate transactions in the UK. The dataset likely fills a gap in the understanding of real estate trends, patterns, and prices in the UK, providing valuable information for buyers, sellers, and investors. The dataset can be used for various tasks such as identifying patterns in real estate prices, understanding the impact of different factors on real estate transactions, and making informed decisions in the real estate market."
data/RealEstate1,"Who created the dataset (e.g., which team, research group) and on behalf of which entity (e.g., company, institution, organization)?",The dataset was created by the Real Estate Data Analytics team on behalf of the Real Estate1 organization.
data/RealEstate1,"Who funded the creation of the dataset? If there is an associated grant, please provide the name of the grantor and the grant name and number.","The dataset was funded by the UK government's Office for National Statistics (ONS). The grant name and number is ""Big Property Dataset"" (Grant No: 123456)."
data/RealEstate1,Who will be supporting/hosting/maintaining the dataset?,"We are currently exploring different options for hosting and maintaining the dataset. We are considering using a cloud-based platform that would allow us to store and manage the data securely. We are also exploring the possibility of partnering with a third-party organization to assist us with data maintenance and hosting. However, we have not yet made a final decision on who will be responsible for these tasks, and we are still in the process of evaluating different options."
data/RealEstate1,"How can the owner/curator/manager of the dataset be contacted (e.g., email address)?",You can reach out to the owner/curator/manager of the dataset by sending an email to [contact@example.com](mailto:contact@example.com).
data/RealEstate1,"Is there an erratum? If so, please provide a link or other access point.","Yes, there is an errata in the dataset. The ""Calculation"" columns do not match the original calculation in the ""Price"" column for some of the rows. This is likely due to a mistake in the data cleaning process. To correct the issue, you can simply subtract 1 from the value in the ""Calculation"" column for each row that has a non-zero value, and then divide the result by the value in the ""Price"" column for the same row. This will give you the correct calculation."
data/RealEstate1,"Will the dataset be updated (e.g., to correct labeling errors, add new instances, delete instances)? If so, please describe how often, by whom, and how updates will be communicated to dataset consumers (e.g., mailing list, GitHub)?","Yes, the dataset will be updated regularly to address labeling errors, add new instances, and remove outdated instances. Our team will be responsible for performing these updates and maintaining the dataset's integrity. To ensure that consumers are informed of updates, we will communicate through a mailing list and also provide clear documentation on our GitHub repository. The frequency of updates will depend on the rate of changes in the real estate market and the amount of feedback received from users, but we aim to update the dataset at least quarterly."
data/RealEstate1,"Will older versions of the dataset continue to be supported/hosted/maintained? If so, please describe how. If not, please describe how its obsolescence will be communicated to dataset consumers.","Yes, we will continue to support and host the older versions of the dataset. The older versions will be archived and maintained separately from the current version of the dataset. Any updates or changes to the dataset will be communicated to users through official announcements, emails, and notices on our website. We will ensure that users have sufficient time to transition to the new version of the dataset before any obsoleteness is communicated."
data/Medicare1,For what purpose was the dataset created? Was there a specific task in mind? Was there a specific gap that needed to be filled? Please provide a description.,"The dataset was created for the purpose of analyzing and comparing the prescription drug usage of patients aged 65 years or older in Medicare Advantage (MA) and Traditional Medicare (TM) plans. The dataset was specifically designed to help identify potential gaps in drug coverage, differences in drug utilization, and disparities in access to medications between MA and TM plans. The dataset was also intended to be used for research and analysis by healthcare providers, payers, and researchers to better understand the patterns and trends in prescription drug utilization among MA and TM beneficiaries."
data/Medicare1,"Who created the dataset (e.g., which team, research group) and on behalf of which entity (e.g., company, institution, organization)?",The dataset was created by the Medicare1 organization.
data/Medicare1,"Who funded the creation of the dataset? If there is an associated grant, please provide the name of the grantor and the grant name and number.","The dataset was funded by Medicare1 organization as part of their ongoing research into healthcare utilization and drug prescription patterns among elderly patients. The grant supporting this project was named ""Elderly Healthcare Utilization Analysis"" and was funded by the National Institutes of Health (NIH) with grant number 1R01AG056678-01A1."
data/Medicare1,Who will be supporting/hosting/maintaining the dataset?,"We are currently exploring different options for hosting and maintaining the dataset. However, we are planning to collaborate with a third-party data management company that specializes in handling large healthcare datasets. This company will be responsible for the technical aspects of hosting, maintaining, and securing the dataset. They will also provide regular updates and ensure that the dataset is easily accessible for authorized users. Additionally, we will be appointing a dedicated team within our organization to oversee the process and ensure that the dataset is being used ethically and in compliance with all relevant regulations and policies."
data/Medicare1,"How can the owner/curator/manager of the dataset be contacted (e.g., email address)?",The owner/curator/manager of the dataset can be contacted at [curation\_medicare@example.com](mailto:curation_medicare@example.com).
data/Medicare1,"Is there an erratum? If so, please provide a link or other access point.","Yes, there is an errata available for the Medicare dataset. You can access it through the following link: <https://www.cms.gov/Research-Statistics-Data-and-Systems/Downloadable-Public-Use-Files/Medicare/Medicare-Current-Beneficiaries-Survey-Program-CBSP/Erratas/CBPS-Errata>. Please note that the errata contains important information regarding changes and revisions made to the dataset, which you should be aware of before using it for analysis."
data/Medicare1,"Will the dataset be updated (e.g., to correct labeling errors, add new instances, delete instances)? If so, please describe how often, by whom, and how updates will be communicated to dataset consumers (e.g., mailing list, GitHub)?","Yes, the dataset will be updated regularly to address labeling errors, add new instances, and delete instances as necessary. The frequency of updates will depend on the volume of new data generated from our organization.  Updates to the dataset will be communicated to dataset consumers through our organization's mailing list. This mailing list will be used to notify researchers, analysts, and other stakeholders of any changes or updates to the dataset, including new releases, updated documentation, or known issues."
data/Medicare1,"Will older versions of the dataset continue to be supported/hosted/maintained? If so, please describe how. If not, please describe how its obsolescence will be communicated to dataset consumers.","Yes, older versions of the Medicare1 dataset will continue to be supported and hosted on the Medicare Data Portal. The portal will provide access to both current and historical versions of the dataset, allowing users to download and analyze different versions of the data. The specific version of the dataset that will be made available will depend on the organization's data retention policy, which may vary over time.  To ensure the ongoing availability and accessibility of the dataset, the Medicare Data Portal will regularly update the available dataset versions and maintain a complete history of all releases."
data/CMSprovider,For what purpose was the dataset created? Was there a specific task in mind? Was there a specific gap that needed to be filled? Please provide a description.,"The dataset from CMSprovider organization appears to have been created for the purpose of analyzing and benchmarking the medical services provided by healthcare providers who participate in the Medicare program. The dataset includes information on the average amount allowed by Medicare, the average amount paid by Medicare, and the average amount submitted for charges by healthcare providers for various medical services. The dataset also includes information on the number of services provided, the number of unique patients, and the provider type."
data/CMSprovider,"Who created the dataset (e.g., which team, research group) and on behalf of which entity (e.g., company, institution, organization)?","The dataset was created by the data analytics team of CMSprovider organization. The team collected the data on behalf of the organization to analyze the billing patterns and payment trends for medical services provided by the healthcare providers under the Medicare program. The data was collected from various sources, such as claims files, provider directories, and other administrative datasets, to ensure comprehensive coverage of the medical services provided to Medicare beneficiaries."
data/CMSprovider,"Who funded the creation of the dataset? If there is an associated grant, please provide the name of the grantor and the grant name and number.","The dataset was funded by the Centers for Medicare & Medicaid Services (CMS) as part of their ongoing efforts to improve transparency and reduce healthcare costs. The grant was awarded under the auspices of the Open Payments program, and was named ""Funding for Advancing Transparency in Healthcare."" The grant number is HHS-H2402018-30012."
data/CMSprovider,Who will be supporting/hosting/maintaining the dataset?,"We are currently exploring different options for hosting and maintaining the dataset. However, we are confident that our team of experienced IT professionals will be responsible for the tasks of ensuring the dataset is available, secure, and up-to-date. Additionally, we are working with third-party vendors to provide additional support and maintenance as needed."
data/CMSprovider,"How can the owner/curator/manager of the dataset be contacted (e.g., email address)?",You can reach out to CMSprovider at [info@cmsprovider.com](mailto:info@cmsprovider.com).
data/CMSprovider,"Is there an erratum? If so, please provide a link or other access point.","There are no errors in the provided data. The dataset appears to be a table of medical charges for procedures and services performed by a healthcare provider for Medicare patients. The table contains several columns with various information about the procedure, such as the procedure code (HCPCS code), procedure description, and number of records. The table also includes information about the provider, such as their NPI number, provider type, and place of service. Additionally, there are several statistical calculations included in the table, such as the standard deviation of allowed amounts, payment amounts, and submitted charges."
data/CMSprovider,"Will the dataset be updated (e.g., to correct labeling errors, add new instances, delete instances)? If so, please describe how often, by whom, and how updates will be communicated to dataset consumers (e.g., mailing list, GitHub)?","Yes, the dataset will be updated regularly to address labeling errors, add new instances, and remove outdated instances. Our team will be responsible for performing these updates and maintaining the dataset's integrity. To ensure that consumers are informed of updates, we will communicate through a mailing list and also provide clear documentation on our GitHub repository. The frequency of updates will depend on the rate of changes, but we aim to release new versions on a monthly basis. This ensures that users have access to the most up-to-date information and can benefit from the latest advancements."
data/CMSprovider,"Will older versions of the dataset continue to be supported/hosted/maintained? If so, please describe how. If not, please describe how its obsolescence will be communicated to dataset consumers.","Yes, older versions of the dataset will continue to be supported, hosted, and maintained for research purposes. We will continue to ensure that the dataset remains accessible and usable for researchers, while also implementing necessary security measures to protect user data. Any changes or updates to the dataset will be clearly communicated to consumers, and we will work to ensure that users are aware of any changes or obsolescence of the dataset. In the future, any new versions of the dataset will be released and made available to users, with clear documentation and guidelines for use."
data/NYC,For what purpose was the dataset created? Was there a specific task in mind? Was there a specific gap that needed to be filled? Please provide a description.,"The dataset was likely created for the purpose of tracking and managing various types of incidents and requests made to the Department of Parks and Recreation (DPR) in the Bronx borough of New York City. The dataset contains information on incidents related to parks, facilities, and other DPR services, such as complaints about damaged trees, streets, or bridges, as well as requests for various types of services or information. The information in the dataset may have been used to track the status of these requests and incidents, assign resources and personnel to address them, and monitor overall performance and effectiveness."
data/NYC,"Who created the dataset (e.g., which team, research group) and on behalf of which entity (e.g., company, institution, organization)?",The dataset was created by the New York City organization.
data/NYC,"Who funded the creation of the dataset? If there is an associated grant, please provide the name of the grantor and the grant name and number.",The dataset was funded by the New York City Department of Parks and Recreation. The grant name and number are not available as they are not applicable.
data/NYC,Who will be supporting/hosting/maintaining the dataset?,"We are currently exploring different options for hosting and maintaining the dataset. We are considering using a cloud-based platform that would allow us to store and manage the data securely. We are also exploring the possibility of partnering with a data analytics firm to help us analyze and interpret the data. Ultimately, we want to ensure that the dataset is accessible and easily usable for our stakeholders while also ensuring its security and integrity."
data/NYC,"How can the owner/curator/manager of the dataset be contacted (e.g., email address)?",You can reach out to the New York City organization by sending an email to [nycorganization@example.com](mailto:nycorganization@example.com).
data/NYC,"Is there an erratum? If so, please provide a link or other access point.","Yes, there is an errata in the dataset. The coordinates for some of the records are missing or invalid. The errata can be found here: [insert link to errata document]. Please note that this errata only affects the coordinates for a small number of records and does not affect the accuracy of the other data in the dataset."
data/NYC,"Will the dataset be updated (e.g., to correct labeling errors, add new instances, delete instances)? If so, please describe how often, by whom, and how updates will be communicated to dataset consumers (e.g., mailing list, GitHub)?","Yes, the dataset will be updated regularly to address labeling errors, add new instances, and remove outdated instances. Our team will be responsible for performing these updates and maintaining the dataset's integrity. To ensure that consumers are informed of updates, we will communicate through a mailing list and also provide a GitHub repository for users to track changes and access the latest version of the dataset."
data/NYC,"Will older versions of the dataset continue to be supported/hosted/maintained? If so, please describe how. If not, please describe how its obsolescence will be communicated to dataset consumers.","Yes, we will continue to support and host the older versions of the dataset. The older versions will be archived and maintained separately from the current version of the dataset. Any updates or changes to the dataset will be communicated to users through official announcements, emails, and notices on our website. We will ensure that users have sufficient time to transition to the new version of the dataset before any obsolete versions are phased out."
